,Survived,Pclass,Age,SibSp,Parch,Sex_female,Sex_male,Embarked_C,Embarked_Q,Embarked_S
0,0,2,22.0,1,0,0,1,0,0,1
1,1,0,38.0,1,0,1,0,1,0,0
2,1,2,26.0,0,0,1,0,0,0,1
3,1,0,35.0,1,0,1,0,0,0,1
4,0,2,35.0,0,0,0,1,0,0,1
5,0,2,29.69911764705882,0,0,0,1,0,1,0
6,0,0,54.0,0,0,0,1,0,0,1
7,0,2,2.0,3,1,0,1,0,0,1
8,1,2,27.0,0,2,1,0,0,0,1
9,1,1,14.0,1,0,1,0,1,0,0
10,1,2,4.0,1,1,1,0,0,0,1
11,1,0,58.0,0,0,1,0,0,0,1
12,0,2,20.0,0,0,0,1,0,0,1
13,0,2,39.0,1,5,0,1,0,0,1
14,0,2,14.0,0,0,1,0,0,0,1
15,1,1,55.0,0,0,1,0,0,0,1
16,0,2,2.0,4,1,0,1,0,1,0
17,1,1,29.69911764705882,0,0,0,1,0,0,1
18,0,2,31.0,1,0,1,0,0,0,1
19,1,2,29.69911764705882,0,0,1,0,1,0,0
20,0,1,35.0,0,0,0,1,0,0,1
21,1,1,34.0,0,0,0,1,0,0,1
22,1,2,15.0,0,0,1,0,0,1,0
23,1,0,28.0,0,0,0,1,0,0,1
24,0,2,8.0,3,1,1,0,0,0,1
25,1,2,38.0,1,5,1,0,0,0,1
26,0,2,29.69911764705882,0,0,0,1,1,0,0
27,0,0,19.0,3,2,0,1,0,0,1
28,1,2,29.69911764705882,0,0,1,0,0,1,0
29,0,2,29.69911764705882,0,0,0,1,0,0,1
30,0,0,40.0,0,0,0,1,1,0,0
31,1,0,29.69911764705882,1,0,1,0,1,0,0
32,1,2,29.69911764705882,0,0,1,0,0,1,0
33,0,1,66.0,0,0,0,1,0,0,1
34,0,0,28.0,1,0,0,1,1,0,0
35,0,0,42.0,1,0,0,1,0,0,1
36,1,2,29.69911764705882,0,0,0,1,1,0,0
37,0,2,21.0,0,0,0,1,0,0,1
38,0,2,18.0,2,0,1,0,0,0,1
39,1,2,14.0,1,0,1,0,1,0,0
40,0,2,40.0,1,0,1,0,0,0,1
41,0,1,27.0,1,0,1,0,0,0,1
42,0,2,29.69911764705882,0,0,0,1,1,0,0
43,1,1,3.0,1,2,1,0,1,0,0
44,1,2,19.0,0,0,1,0,0,1,0
45,0,2,29.69911764705882,0,0,0,1,0,0,1
46,0,2,29.69911764705882,1,0,0,1,0,1,0
47,1,2,29.69911764705882,0,0,1,0,0,1,0
48,0,2,29.69911764705882,2,0,0,1,1,0,0
49,0,2,18.0,1,0,1,0,0,0,1
50,0,2,7.0,4,1,0,1,0,0,1
51,0,2,21.0,0,0,0,1,0,0,1
52,1,0,49.0,1,0,1,0,1,0,0
53,1,1,29.0,1,0,1,0,0,0,1
54,0,0,65.0,0,1,0,1,1,0,0
55,1,0,29.69911764705882,0,0,0,1,0,0,1
56,1,1,21.0,0,0,1,0,0,0,1
57,0,2,28.5,0,0,0,1,1,0,0
58,1,1,5.0,1,2,1,0,0,0,1
59,0,2,11.0,5,2,0,1,0,0,1
60,0,2,22.0,0,0,0,1,1,0,0
61,1,0,38.0,0,0,1,0,0,0,0
62,0,0,45.0,1,0,0,1,0,0,1
63,0,2,4.0,3,2,0,1,0,0,1
64,0,0,29.69911764705882,0,0,0,1,1,0,0
65,1,2,29.69911764705882,1,1,0,1,1,0,0
66,1,1,29.0,0,0,1,0,0,0,1
67,0,2,19.0,0,0,0,1,0,0,1
68,1,2,17.0,4,2,1,0,0,0,1
69,0,2,26.0,2,0,0,1,0,0,1
70,0,1,32.0,0,0,0,1,0,0,1
71,0,2,16.0,5,2,1,0,0,0,1
72,0,1,21.0,0,0,0,1,0,0,1
73,0,2,26.0,1,0,0,1,1,0,0
74,1,2,32.0,0,0,0,1,0,0,1
75,0,2,25.0,0,0,0,1,0,0,1
76,0,2,29.69911764705882,0,0,0,1,0,0,1
77,0,2,29.69911764705882,0,0,0,1,0,0,1
78,1,1,0.83,0,2,0,1,0,0,1
79,1,2,30.0,0,0,1,0,0,0,1
80,0,2,22.0,0,0,0,1,0,0,1
81,1,2,29.0,0,0,0,1,0,0,1
82,1,2,29.69911764705882,0,0,1,0,0,1,0
83,0,0,28.0,0,0,0,1,0,0,1
84,1,1,17.0,0,0,1,0,0,0,1
85,1,2,33.0,3,0,1,0,0,0,1
86,0,2,16.0,1,3,0,1,0,0,1
87,0,2,29.69911764705882,0,0,0,1,0,0,1
88,1,0,23.0,3,2,1,0,0,0,1
89,0,2,24.0,0,0,0,1,0,0,1
90,0,2,29.0,0,0,0,1,0,0,1
91,0,2,20.0,0,0,0,1,0,0,1
92,0,0,46.0,1,0,0,1,0,0,1
93,0,2,26.0,1,2,0,1,0,0,1
94,0,2,59.0,0,0,0,1,0,0,1
95,0,2,29.69911764705882,0,0,0,1,0,0,1
96,0,0,71.0,0,0,0,1,1,0,0
97,1,0,23.0,0,1,0,1,1,0,0
98,1,1,34.0,0,1,1,0,0,0,1
99,0,1,34.0,1,0,0,1,0,0,1
100,0,2,28.0,0,0,1,0,0,0,1
101,0,2,29.69911764705882,0,0,0,1,0,0,1
102,0,0,21.0,0,1,0,1,0,0,1
103,0,2,33.0,0,0,0,1,0,0,1
104,0,2,37.0,2,0,0,1,0,0,1
105,0,2,28.0,0,0,0,1,0,0,1
106,1,2,21.0,0,0,1,0,0,0,1
107,1,2,29.69911764705882,0,0,0,1,0,0,1
108,0,2,38.0,0,0,0,1,0,0,1
109,1,2,29.69911764705882,1,0,1,0,0,1,0
110,0,0,47.0,0,0,0,1,0,0,1
111,0,2,14.5,1,0,1,0,1,0,0
112,0,2,22.0,0,0,0,1,0,0,1
113,0,2,20.0,1,0,1,0,0,0,1
114,0,2,17.0,0,0,1,0,1,0,0
115,0,2,21.0,0,0,0,1,0,0,1
116,0,2,70.5,0,0,0,1,0,1,0
117,0,1,29.0,1,0,0,1,0,0,1
118,0,0,24.0,0,1,0,1,1,0,0
119,0,2,2.0,4,2,1,0,0,0,1
120,0,1,21.0,2,0,0,1,0,0,1
121,0,2,29.69911764705882,0,0,0,1,0,0,1
122,0,1,32.5,1,0,0,1,1,0,0
123,1,1,32.5,0,0,1,0,0,0,1
124,0,0,54.0,0,1,0,1,0,0,1
125,1,2,12.0,1,0,0,1,1,0,0
126,0,2,29.69911764705882,0,0,0,1,0,1,0
127,1,2,24.0,0,0,0,1,0,0,1
128,1,2,29.69911764705882,1,1,1,0,1,0,0
129,0,2,45.0,0,0,0,1,0,0,1
130,0,2,33.0,0,0,0,1,1,0,0
131,0,2,20.0,0,0,0,1,0,0,1
132,0,2,47.0,1,0,1,0,0,0,1
133,1,1,29.0,1,0,1,0,0,0,1
134,0,1,25.0,0,0,0,1,0,0,1
135,0,1,23.0,0,0,0,1,1,0,0
136,1,0,19.0,0,2,1,0,0,0,1
137,0,0,37.0,1,0,0,1,0,0,1
138,0,2,16.0,0,0,0,1,0,0,1
139,0,0,24.0,0,0,0,1,1,0,0
140,0,2,29.69911764705882,0,2,1,0,1,0,0
141,1,2,22.0,0,0,1,0,0,0,1
142,1,2,24.0,1,0,1,0,0,0,1
143,0,2,19.0,0,0,0,1,0,1,0
144,0,1,18.0,0,0,0,1,0,0,1
145,0,1,19.0,1,1,0,1,0,0,1
146,1,2,27.0,0,0,0,1,0,0,1
147,0,2,9.0,2,2,1,0,0,0,1
148,0,1,36.5,0,2,0,1,0,0,1
149,0,1,42.0,0,0,0,1,0,0,1
150,0,1,51.0,0,0,0,1,0,0,1
151,1,0,22.0,1,0,1,0,0,0,1
152,0,2,55.5,0,0,0,1,0,0,1
153,0,2,40.5,0,2,0,1,0,0,1
154,0,2,29.69911764705882,0,0,0,1,0,0,1
155,0,0,51.0,0,1,0,1,1,0,0
156,1,2,16.0,0,0,1,0,0,1,0
157,0,2,30.0,0,0,0,1,0,0,1
158,0,2,29.69911764705882,0,0,0,1,0,0,1
159,0,2,29.69911764705882,8,2,0,1,0,0,1
160,0,2,44.0,0,1,0,1,0,0,1
161,1,1,40.0,0,0,1,0,0,0,1
162,0,2,26.0,0,0,0,1,0,0,1
163,0,2,17.0,0,0,0,1,0,0,1
164,0,2,1.0,4,1,0,1,0,0,1
165,1,2,9.0,0,2,0,1,0,0,1
166,1,0,29.69911764705882,0,1,1,0,0,0,1
167,0,2,45.0,1,4,1,0,0,0,1
168,0,0,29.69911764705882,0,0,0,1,0,0,1
169,0,2,28.0,0,0,0,1,0,0,1
170,0,0,61.0,0,0,0,1,0,0,1
171,0,2,4.0,4,1,0,1,0,1,0
172,1,2,1.0,1,1,1,0,0,0,1
173,0,2,21.0,0,0,0,1,0,0,1
174,0,0,56.0,0,0,0,1,1,0,0
175,0,2,18.0,1,1,0,1,0,0,1
176,0,2,29.69911764705882,3,1,0,1,0,0,1
177,0,0,50.0,0,0,1,0,1,0,0
178,0,1,30.0,0,0,0,1,0,0,1
179,0,2,36.0,0,0,0,1,0,0,1
180,0,2,29.69911764705882,8,2,1,0,0,0,1
181,0,1,29.69911764705882,0,0,0,1,1,0,0
182,0,2,9.0,4,2,0,1,0,0,1
183,1,1,1.0,2,1,0,1,0,0,1
184,1,2,4.0,0,2,1,0,0,0,1
185,0,0,29.69911764705882,0,0,0,1,0,0,1
186,1,2,29.69911764705882,1,0,1,0,0,1,0
187,1,0,45.0,0,0,0,1,0,0,1
188,0,2,40.0,1,1,0,1,0,1,0
189,0,2,36.0,0,0,0,1,0,0,1
190,1,1,32.0,0,0,1,0,0,0,1
191,0,1,19.0,0,0,0,1,0,0,1
192,1,2,19.0,1,0,1,0,0,0,1
193,1,1,3.0,1,1,0,1,0,0,1
194,1,0,44.0,0,0,1,0,1,0,0
195,1,0,58.0,0,0,1,0,1,0,0
196,0,2,29.69911764705882,0,0,0,1,0,1,0
197,0,2,42.0,0,1,0,1,0,0,1
198,1,2,29.69911764705882,0,0,1,0,0,1,0
199,0,1,24.0,0,0,1,0,0,0,1
200,0,2,28.0,0,0,0,1,0,0,1
201,0,2,29.69911764705882,8,2,0,1,0,0,1
202,0,2,34.0,0,0,0,1,0,0,1
203,0,2,45.5,0,0,0,1,1,0,0
204,1,2,18.0,0,0,0,1,0,0,1
205,0,2,2.0,0,1,1,0,0,0,1
206,0,2,32.0,1,0,0,1,0,0,1
207,1,2,26.0,0,0,0,1,1,0,0
208,1,2,16.0,0,0,1,0,0,1,0
209,1,0,40.0,0,0,0,1,1,0,0
210,0,2,24.0,0,0,0,1,0,0,1
211,1,1,35.0,0,0,1,0,0,0,1
212,0,2,22.0,0,0,0,1,0,0,1
213,0,1,30.0,0,0,0,1,0,0,1
214,0,2,29.69911764705882,1,0,0,1,0,1,0
215,1,0,31.0,1,0,1,0,1,0,0
216,1,2,27.0,0,0,1,0,0,0,1
217,0,1,42.0,1,0,0,1,0,0,1
218,1,0,32.0,0,0,1,0,1,0,0
219,0,1,30.0,0,0,0,1,0,0,1
220,1,2,16.0,0,0,0,1,0,0,1
221,0,1,27.0,0,0,0,1,0,0,1
222,0,2,51.0,0,0,0,1,0,0,1
223,0,2,29.69911764705882,0,0,0,1,0,0,1
224,1,0,38.0,1,0,0,1,0,0,1
225,0,2,22.0,0,0,0,1,0,0,1
226,1,1,19.0,0,0,0,1,0,0,1
227,0,2,20.5,0,0,0,1,0,0,1
228,0,1,18.0,0,0,0,1,0,0,1
229,0,2,29.69911764705882,3,1,1,0,0,0,1
230,1,0,35.0,1,0,1,0,0,0,1
231,0,2,29.0,0,0,0,1,0,0,1
232,0,1,59.0,0,0,0,1,0,0,1
233,1,2,5.0,4,2,1,0,0,0,1
234,0,1,24.0,0,0,0,1,0,0,1
235,0,2,29.69911764705882,0,0,1,0,0,0,1
236,0,1,44.0,1,0,0,1,0,0,1
237,1,1,8.0,0,2,1,0,0,0,1
238,0,1,19.0,0,0,0,1,0,0,1
239,0,1,33.0,0,0,0,1,0,0,1
240,0,2,29.69911764705882,1,0,1,0,1,0,0
241,1,2,29.69911764705882,1,0,1,0,0,1,0
242,0,1,29.0,0,0,0,1,0,0,1
243,0,2,22.0,0,0,0,1,0,0,1
244,0,2,30.0,0,0,0,1,1,0,0
245,0,0,44.0,2,0,0,1,0,1,0
246,0,2,25.0,0,0,1,0,0,0,1
247,1,1,24.0,0,2,1,0,0,0,1
248,1,0,37.0,1,1,0,1,0,0,1
249,0,1,54.0,1,0,0,1,0,0,1
250,0,2,29.69911764705882,0,0,0,1,0,0,1
251,0,2,29.0,1,1,1,0,0,0,1
252,0,0,62.0,0,0,0,1,0,0,1
253,0,2,30.0,1,0,0,1,0,0,1
254,0,2,41.0,0,2,1,0,0,0,1
255,1,2,29.0,0,2,1,0,1,0,0
256,1,0,29.69911764705882,0,0,1,0,1,0,0
257,1,0,30.0,0,0,1,0,0,0,1
258,1,0,35.0,0,0,1,0,1,0,0
259,1,1,50.0,0,1,1,0,0,0,1
260,0,2,29.69911764705882,0,0,0,1,0,1,0
261,1,2,3.0,4,2,0,1,0,0,1
262,0,0,52.0,1,1,0,1,0,0,1
263,0,0,40.0,0,0,0,1,0,0,1
264,0,2,29.69911764705882,0,0,1,0,0,1,0
265,0,1,36.0,0,0,0,1,0,0,1
266,0,2,16.0,4,1,0,1,0,0,1
267,1,2,25.0,1,0,0,1,0,0,1
268,1,0,58.0,0,1,1,0,0,0,1
269,1,0,35.0,0,0,1,0,0,0,1
270,0,0,29.69911764705882,0,0,0,1,0,0,1
271,1,2,25.0,0,0,0,1,0,0,1
272,1,1,41.0,0,1,1,0,0,0,1
273,0,0,37.0,0,1,0,1,1,0,0
274,1,2,29.69911764705882,0,0,1,0,0,1,0
275,1,0,63.0,1,0,1,0,0,0,1
276,0,2,45.0,0,0,1,0,0,0,1
277,0,1,29.69911764705882,0,0,0,1,0,0,1
278,0,2,7.0,4,1,0,1,0,1,0
279,1,2,35.0,1,1,1,0,0,0,1
280,0,2,65.0,0,0,0,1,0,1,0
281,0,2,28.0,0,0,0,1,0,0,1
282,0,2,16.0,0,0,0,1,0,0,1
283,1,2,19.0,0,0,0,1,0,0,1
284,0,0,29.69911764705882,0,0,0,1,0,0,1
285,0,2,33.0,0,0,0,1,1,0,0
286,1,2,30.0,0,0,0,1,0,0,1
287,0,2,22.0,0,0,0,1,0,0,1
288,1,1,42.0,0,0,0,1,0,0,1
289,1,2,22.0,0,0,1,0,0,1,0
290,1,0,26.0,0,0,1,0,0,0,1
291,1,0,19.0,1,0,1,0,1,0,0
292,0,1,36.0,0,0,0,1,1,0,0
293,0,2,24.0,0,0,1,0,0,0,1
294,0,2,24.0,0,0,0,1,0,0,1
295,0,0,29.69911764705882,0,0,0,1,1,0,0
296,0,2,23.5,0,0,0,1,1,0,0
297,0,0,2.0,1,2,1,0,0,0,1
298,1,0,29.69911764705882,0,0,0,1,0,0,1
299,1,0,50.0,0,1,1,0,1,0,0
300,1,2,29.69911764705882,0,0,1,0,0,1,0
301,1,2,29.69911764705882,2,0,0,1,0,1,0
302,0,2,19.0,0,0,0,1,0,0,1
303,1,1,29.69911764705882,0,0,1,0,0,1,0
304,0,2,29.69911764705882,0,0,0,1,0,0,1
305,1,0,0.92,1,2,0,1,0,0,1
306,1,0,29.69911764705882,0,0,1,0,1,0,0
307,1,0,17.0,1,0,1,0,1,0,0
308,0,1,30.0,1,0,0,1,1,0,0
309,1,0,30.0,0,0,1,0,1,0,0
310,1,0,24.0,0,0,1,0,1,0,0
311,1,0,18.0,2,2,1,0,1,0,0
312,0,1,26.0,1,1,1,0,0,0,1
313,0,2,28.0,0,0,0,1,0,0,1
314,0,1,43.0,1,1,0,1,0,0,1
315,1,2,26.0,0,0,1,0,0,0,1
316,1,1,24.0,1,0,1,0,0,0,1
317,0,1,54.0,0,0,0,1,0,0,1
318,1,0,31.0,0,2,1,0,0,0,1
319,1,0,40.0,1,1,1,0,1,0,0
320,0,2,22.0,0,0,0,1,0,0,1
321,0,2,27.0,0,0,0,1,0,0,1
322,1,1,30.0,0,0,1,0,0,1,0
323,1,1,22.0,1,1,1,0,0,0,1
324,0,2,29.69911764705882,8,2,0,1,0,0,1
325,1,0,36.0,0,0,1,0,1,0,0
326,0,2,61.0,0,0,0,1,0,0,1
327,1,1,36.0,0,0,1,0,0,0,1
328,1,2,31.0,1,1,1,0,0,0,1
329,1,0,16.0,0,1,1,0,1,0,0
330,1,2,29.69911764705882,2,0,1,0,0,1,0
331,0,0,45.5,0,0,0,1,0,0,1
332,0,0,38.0,0,1,0,1,0,0,1
333,0,2,16.0,2,0,0,1,0,0,1
334,1,0,29.69911764705882,1,0,1,0,0,0,1
335,0,2,29.69911764705882,0,0,0,1,0,0,1
336,0,0,29.0,1,0,0,1,0,0,1
337,1,0,41.0,0,0,1,0,1,0,0
338,1,2,45.0,0,0,0,1,0,0,1
339,0,0,45.0,0,0,0,1,0,0,1
340,1,1,2.0,1,1,0,1,0,0,1
341,1,0,24.0,3,2,1,0,0,0,1
342,0,1,28.0,0,0,0,1,0,0,1
343,0,1,25.0,0,0,0,1,0,0,1
344,0,1,36.0,0,0,0,1,0,0,1
345,1,1,24.0,0,0,1,0,0,0,1
346,1,1,40.0,0,0,1,0,0,0,1
347,1,2,29.69911764705882,1,0,1,0,0,0,1
348,1,2,3.0,1,1,0,1,0,0,1
349,0,2,42.0,0,0,0,1,0,0,1
350,0,2,23.0,0,0,0,1,0,0,1
351,0,0,29.69911764705882,0,0,0,1,0,0,1
352,0,2,15.0,1,1,0,1,1,0,0
353,0,2,25.0,1,0,0,1,0,0,1
354,0,2,29.69911764705882,0,0,0,1,1,0,0
355,0,2,28.0,0,0,0,1,0,0,1
356,1,0,22.0,0,1,1,0,0,0,1
357,0,1,38.0,0,0,1,0,0,0,1
358,1,2,29.69911764705882,0,0,1,0,0,1,0
359,1,2,29.69911764705882,0,0,1,0,0,1,0
360,0,2,40.0,1,4,0,1,0,0,1
361,0,1,29.0,1,0,0,1,1,0,0
362,0,2,45.0,0,1,1,0,1,0,0
363,0,2,35.0,0,0,0,1,0,0,1
364,0,2,29.69911764705882,1,0,0,1,0,1,0
365,0,2,30.0,0,0,0,1,0,0,1
366,1,0,60.0,1,0,1,0,1,0,0
367,1,2,29.69911764705882,0,0,1,0,1,0,0
368,1,2,29.69911764705882,0,0,1,0,0,1,0
369,1,0,24.0,0,0,1,0,1,0,0
370,1,0,25.0,1,0,0,1,1,0,0
371,0,2,18.0,1,0,0,1,0,0,1
372,0,2,19.0,0,0,0,1,0,0,1
373,0,0,22.0,0,0,0,1,1,0,0
374,0,2,3.0,3,1,1,0,0,0,1
375,1,0,29.69911764705882,1,0,1,0,1,0,0
376,1,2,22.0,0,0,1,0,0,0,1
377,0,0,27.0,0,2,0,1,1,0,0
378,0,2,20.0,0,0,0,1,1,0,0
379,0,2,19.0,0,0,0,1,0,0,1
380,1,0,42.0,0,0,1,0,1,0,0
381,1,2,1.0,0,2,1,0,1,0,0
382,0,2,32.0,0,0,0,1,0,0,1
383,1,0,35.0,1,0,1,0,0,0,1
384,0,2,29.69911764705882,0,0,0,1,0,0,1
385,0,1,18.0,0,0,0,1,0,0,1
386,0,2,1.0,5,2,0,1,0,0,1
387,1,1,36.0,0,0,1,0,0,0,1
388,0,2,29.69911764705882,0,0,0,1,0,1,0
389,1,1,17.0,0,0,1,0,1,0,0
390,1,0,36.0,1,2,0,1,0,0,1
391,1,2,21.0,0,0,0,1,0,0,1
392,0,2,28.0,2,0,0,1,0,0,1
393,1,0,23.0,1,0,1,0,1,0,0
394,1,2,24.0,0,2,1,0,0,0,1
395,0,2,22.0,0,0,0,1,0,0,1
396,0,2,31.0,0,0,1,0,0,0,1
397,0,1,46.0,0,0,0,1,0,0,1
398,0,1,23.0,0,0,0,1,0,0,1
399,1,1,28.0,0,0,1,0,0,0,1
400,1,2,39.0,0,0,0,1,0,0,1
401,0,2,26.0,0,0,0,1,0,0,1
402,0,2,21.0,1,0,1,0,0,0,1
403,0,2,28.0,1,0,0,1,0,0,1
404,0,2,20.0,0,0,1,0,0,0,1
405,0,1,34.0,1,0,0,1,0,0,1
406,0,2,51.0,0,0,0,1,0,0,1
407,1,1,3.0,1,1,0,1,0,0,1
408,0,2,21.0,0,0,0,1,0,0,1
409,0,2,29.69911764705882,3,1,1,0,0,0,1
410,0,2,29.69911764705882,0,0,0,1,0,0,1
411,0,2,29.69911764705882,0,0,0,1,0,1,0
412,1,0,33.0,1,0,1,0,0,1,0
413,0,1,29.69911764705882,0,0,0,1,0,0,1
414,1,2,44.0,0,0,0,1,0,0,1
415,0,2,29.69911764705882,0,0,1,0,0,0,1
416,1,1,34.0,1,1,1,0,0,0,1
417,1,1,18.0,0,2,1,0,0,0,1
418,0,1,30.0,0,0,0,1,0,0,1
419,0,2,10.0,0,2,1,0,0,0,1
420,0,2,29.69911764705882,0,0,0,1,1,0,0
421,0,2,21.0,0,0,0,1,0,1,0
422,0,2,29.0,0,0,0,1,0,0,1
423,0,2,28.0,1,1,1,0,0,0,1
424,0,2,18.0,1,1,0,1,0,0,1
425,0,2,29.69911764705882,0,0,0,1,0,0,1
426,1,1,28.0,1,0,1,0,0,0,1
427,1,1,19.0,0,0,1,0,0,0,1
428,0,2,29.69911764705882,0,0,0,1,0,1,0
429,1,2,32.0,0,0,0,1,0,0,1
430,1,0,28.0,0,0,0,1,0,0,1
431,1,2,29.69911764705882,1,0,1,0,0,0,1
432,1,1,42.0,1,0,1,0,0,0,1
433,0,2,17.0,0,0,0,1,0,0,1
434,0,0,50.0,1,0,0,1,0,0,1
435,1,0,14.0,1,2,1,0,0,0,1
436,0,2,21.0,2,2,1,0,0,0,1
437,1,1,24.0,2,3,1,0,0,0,1
438,0,0,64.0,1,4,0,1,0,0,1
439,0,1,31.0,0,0,0,1,0,0,1
440,1,1,45.0,1,1,1,0,0,0,1
441,0,2,20.0,0,0,0,1,0,0,1
442,0,2,25.0,1,0,0,1,0,0,1
443,1,1,28.0,0,0,1,0,0,0,1
444,1,2,29.69911764705882,0,0,0,1,0,0,1
445,1,0,4.0,0,2,0,1,0,0,1
446,1,1,13.0,0,1,1,0,0,0,1
447,1,0,34.0,0,0,0,1,0,0,1
448,1,2,5.0,2,1,1,0,1,0,0
449,1,0,52.0,0,0,0,1,0,0,1
450,0,1,36.0,1,2,0,1,0,0,1
451,0,2,29.69911764705882,1,0,0,1,0,0,1
452,0,0,30.0,0,0,0,1,1,0,0
453,1,0,49.0,1,0,0,1,1,0,0
454,0,2,29.69911764705882,0,0,0,1,0,0,1
455,1,2,29.0,0,0,0,1,1,0,0
456,0,0,65.0,0,0,0,1,0,0,1
457,1,0,29.69911764705882,1,0,1,0,0,0,1
458,1,1,50.0,0,0,1,0,0,0,1
459,0,2,29.69911764705882,0,0,0,1,0,1,0
460,1,0,48.0,0,0,0,1,0,0,1
461,0,2,34.0,0,0,0,1,0,0,1
462,0,0,47.0,0,0,0,1,0,0,1
463,0,1,48.0,0,0,0,1,0,0,1
464,0,2,29.69911764705882,0,0,0,1,0,0,1
465,0,2,38.0,0,0,0,1,0,0,1
466,0,1,29.69911764705882,0,0,0,1,0,0,1
467,0,0,56.0,0,0,0,1,0,0,1
468,0,2,29.69911764705882,0,0,0,1,0,1,0
469,1,2,0.75,2,1,1,0,1,0,0
470,0,2,29.69911764705882,0,0,0,1,0,0,1
471,0,2,38.0,0,0,0,1,0,0,1
472,1,1,33.0,1,2,1,0,0,0,1
473,1,1,23.0,0,0,1,0,1,0,0
474,0,2,22.0,0,0,1,0,0,0,1
475,0,0,29.69911764705882,0,0,0,1,0,0,1
476,0,1,34.0,1,0,0,1,0,0,1
477,0,2,29.0,1,0,0,1,0,0,1
478,0,2,22.0,0,0,0,1,0,0,1
479,1,2,2.0,0,1,1,0,0,0,1
480,0,2,9.0,5,2,0,1,0,0,1
481,0,1,29.69911764705882,0,0,0,1,0,0,1
482,0,2,50.0,0,0,0,1,0,0,1
483,1,2,63.0,0,0,1,0,0,0,1
484,1,0,25.0,1,0,0,1,1,0,0
485,0,2,29.69911764705882,3,1,1,0,0,0,1
486,1,0,35.0,1,0,1,0,0,0,1
487,0,0,58.0,0,0,0,1,1,0,0
488,0,2,30.0,0,0,0,1,0,0,1
489,1,2,9.0,1,1,0,1,0,0,1
490,0,2,29.69911764705882,1,0,0,1,0,0,1
491,0,2,21.0,0,0,0,1,0,0,1
492,0,0,55.0,0,0,0,1,0,0,1
493,0,0,71.0,0,0,0,1,1,0,0
494,0,2,21.0,0,0,0,1,0,0,1
495,0,2,29.69911764705882,0,0,0,1,1,0,0
496,1,0,54.0,1,0,1,0,1,0,0
497,0,2,29.69911764705882,0,0,0,1,0,0,1
498,0,0,25.0,1,2,1,0,0,0,1
499,0,2,24.0,0,0,0,1,0,0,1
500,0,2,17.0,0,0,0,1,0,0,1
501,0,2,21.0,0,0,1,0,0,1,0
502,0,2,29.69911764705882,0,0,1,0,0,1,0
503,0,2,37.0,0,0,1,0,0,0,1
504,1,0,16.0,0,0,1,0,0,0,1
505,0,0,18.0,1,0,0,1,1,0,0
506,1,1,33.0,0,2,1,0,0,0,1
507,1,0,29.69911764705882,0,0,0,1,0,0,1
508,0,2,28.0,0,0,0,1,0,0,1
509,1,2,26.0,0,0,0,1,0,0,1
510,1,2,29.0,0,0,0,1,0,1,0
511,0,2,29.69911764705882,0,0,0,1,0,0,1
512,1,0,36.0,0,0,0,1,0,0,1
513,1,0,54.0,1,0,1,0,1,0,0
514,0,2,24.0,0,0,0,1,0,0,1
515,0,0,47.0,0,0,0,1,0,0,1
516,1,1,34.0,0,0,1,0,0,0,1
517,0,2,29.69911764705882,0,0,0,1,0,1,0
518,1,1,36.0,1,0,1,0,0,0,1
519,0,2,32.0,0,0,0,1,0,0,1
520,1,0,30.0,0,0,1,0,0,0,1
521,0,2,22.0,0,0,0,1,0,0,1
522,0,2,29.69911764705882,0,0,0,1,1,0,0
523,1,0,44.0,0,1,1,0,1,0,0
524,0,2,29.69911764705882,0,0,0,1,1,0,0
525,0,2,40.5,0,0,0,1,0,1,0
526,1,1,50.0,0,0,1,0,0,0,1
527,0,0,29.69911764705882,0,0,0,1,0,0,1
528,0,2,39.0,0,0,0,1,0,0,1
529,0,1,23.0,2,1,0,1,0,0,1
530,1,1,2.0,1,1,1,0,0,0,1
531,0,2,29.69911764705882,0,0,0,1,1,0,0
532,0,2,17.0,1,1,0,1,1,0,0
533,1,2,29.69911764705882,0,2,1,0,1,0,0
534,0,2,30.0,0,0,1,0,0,0,1
535,1,1,7.0,0,2,1,0,0,0,1
536,0,0,45.0,0,0,0,1,0,0,1
537,1,0,30.0,0,0,1,0,1,0,0
538,0,2,29.69911764705882,0,0,0,1,0,0,1
539,1,0,22.0,0,2,1,0,1,0,0
540,1,0,36.0,0,2,1,0,0,0,1
541,0,2,9.0,4,2,1,0,0,0,1
542,0,2,11.0,4,2,1,0,0,0,1
543,1,1,32.0,1,0,0,1,0,0,1
544,0,0,50.0,1,0,0,1,1,0,0
545,0,0,64.0,0,0,0,1,0,0,1
546,1,1,19.0,1,0,1,0,0,0,1
547,1,1,29.69911764705882,0,0,0,1,1,0,0
548,0,2,33.0,1,1,0,1,0,0,1
549,1,1,8.0,1,1,0,1,0,0,1
550,1,0,17.0,0,2,0,1,1,0,0
551,0,1,27.0,0,0,0,1,0,0,1
552,0,2,29.69911764705882,0,0,0,1,0,1,0
553,1,2,22.0,0,0,0,1,1,0,0
554,1,2,22.0,0,0,1,0,0,0,1
555,0,0,62.0,0,0,0,1,0,0,1
556,1,0,48.0,1,0,1,0,1,0,0
557,0,0,29.69911764705882,0,0,0,1,1,0,0
558,1,0,39.0,1,1,1,0,0,0,1
559,1,2,36.0,1,0,1,0,0,0,1
560,0,2,29.69911764705882,0,0,0,1,0,1,0
561,0,2,40.0,0,0,0,1,0,0,1
562,0,1,28.0,0,0,0,1,0,0,1
563,0,2,29.69911764705882,0,0,0,1,0,0,1
564,0,2,29.69911764705882,0,0,1,0,0,0,1
565,0,2,24.0,2,0,0,1,0,0,1
566,0,2,19.0,0,0,0,1,0,0,1
567,0,2,29.0,0,4,1,0,0,0,1
568,0,2,29.69911764705882,0,0,0,1,1,0,0
569,1,2,32.0,0,0,0,1,0,0,1
570,1,1,62.0,0,0,0,1,0,0,1
571,1,0,53.0,2,0,1,0,0,0,1
572,1,0,36.0,0,0,0,1,0,0,1
573,1,2,29.69911764705882,0,0,1,0,0,1,0
574,0,2,16.0,0,0,0,1,0,0,1
575,0,2,19.0,0,0,0,1,0,0,1
576,1,1,34.0,0,0,1,0,0,0,1
577,1,0,39.0,1,0,1,0,0,0,1
578,0,2,29.69911764705882,1,0,1,0,1,0,0
579,1,2,32.0,0,0,0,1,0,0,1
580,1,1,25.0,1,1,1,0,0,0,1
581,1,0,39.0,1,1,1,0,1,0,0
582,0,1,54.0,0,0,0,1,0,0,1
583,0,0,36.0,0,0,0,1,1,0,0
584,0,2,29.69911764705882,0,0,0,1,1,0,0
585,1,0,18.0,0,2,1,0,0,0,1
586,0,1,47.0,0,0,0,1,0,0,1
587,1,0,60.0,1,1,0,1,1,0,0
588,0,2,22.0,0,0,0,1,0,0,1
589,0,2,29.69911764705882,0,0,0,1,0,0,1
590,0,2,35.0,0,0,0,1,0,0,1
591,1,0,52.0,1,0,1,0,1,0,0
592,0,2,47.0,0,0,0,1,0,0,1
593,0,2,29.69911764705882,0,2,1,0,0,1,0
594,0,1,37.0,1,0,0,1,0,0,1
595,0,2,36.0,1,1,0,1,0,0,1
596,1,1,29.69911764705882,0,0,1,0,0,0,1
597,0,2,49.0,0,0,0,1,0,0,1
598,0,2,29.69911764705882,0,0,0,1,1,0,0
599,1,0,49.0,1,0,0,1,1,0,0
600,1,1,24.0,2,1,1,0,0,0,1
601,0,2,29.69911764705882,0,0,0,1,0,0,1
602,0,0,29.69911764705882,0,0,0,1,0,0,1
603,0,2,44.0,0,0,0,1,0,0,1
604,1,0,35.0,0,0,0,1,1,0,0
605,0,2,36.0,1,0,0,1,0,0,1
606,0,2,30.0,0,0,0,1,0,0,1
607,1,0,27.0,0,0,0,1,0,0,1
608,1,1,22.0,1,2,1,0,1,0,0
609,1,0,40.0,0,0,1,0,0,0,1
610,0,2,39.0,1,5,1,0,0,0,1
611,0,2,29.69911764705882,0,0,0,1,0,0,1
612,1,2,29.69911764705882,1,0,1,0,0,1,0
613,0,2,29.69911764705882,0,0,0,1,0,1,0
614,0,2,35.0,0,0,0,1,0,0,1
615,1,1,24.0,1,2,1,0,0,0,1
616,0,2,34.0,1,1,0,1,0,0,1
617,0,2,26.0,1,0,1,0,0,0,1
618,1,1,4.0,2,1,1,0,0,0,1
619,0,1,26.0,0,0,0,1,0,0,1
620,0,2,27.0,1,0,0,1,1,0,0
621,1,0,42.0,1,0,0,1,0,0,1
622,1,2,20.0,1,1,0,1,1,0,0
623,0,2,21.0,0,0,0,1,0,0,1
624,0,2,21.0,0,0,0,1,0,0,1
625,0,0,61.0,0,0,0,1,0,0,1
626,0,1,57.0,0,0,0,1,0,1,0
627,1,0,21.0,0,0,1,0,0,0,1
628,0,2,26.0,0,0,0,1,0,0,1
629,0,2,29.69911764705882,0,0,0,1,0,1,0
630,1,0,80.0,0,0,0,1,0,0,1
631,0,2,51.0,0,0,0,1,0,0,1
632,1,0,32.0,0,0,0,1,1,0,0
633,0,0,29.69911764705882,0,0,0,1,0,0,1
634,0,2,9.0,3,2,1,0,0,0,1
635,1,1,28.0,0,0,1,0,0,0,1
636,0,2,32.0,0,0,0,1,0,0,1
637,0,1,31.0,1,1,0,1,0,0,1
638,0,2,41.0,0,5,1,0,0,0,1
639,0,2,29.69911764705882,1,0,0,1,0,0,1
640,0,2,20.0,0,0,0,1,0,0,1
641,1,0,24.0,0,0,1,0,1,0,0
642,0,2,2.0,3,2,1,0,0,0,1
643,1,2,29.69911764705882,0,0,0,1,0,0,1
644,1,2,0.75,2,1,1,0,1,0,0
645,1,0,48.0,1,0,0,1,1,0,0
646,0,2,19.0,0,0,0,1,0,0,1
647,1,0,56.0,0,0,0,1,1,0,0
648,0,2,29.69911764705882,0,0,0,1,0,0,1
649,1,2,23.0,0,0,1,0,0,0,1
650,0,2,29.69911764705882,0,0,0,1,0,0,1
651,1,1,18.0,0,1,1,0,0,0,1
652,0,2,21.0,0,0,0,1,0,0,1
653,1,2,29.69911764705882,0,0,1,0,0,1,0
654,0,2,18.0,0,0,1,0,0,1,0
655,0,1,24.0,2,0,0,1,0,0,1
656,0,2,29.69911764705882,0,0,0,1,0,0,1
657,0,2,32.0,1,1,1,0,0,1,0
658,0,1,23.0,0,0,0,1,0,0,1
659,0,0,58.0,0,2,0,1,1,0,0
660,1,0,50.0,2,0,0,1,0,0,1
661,0,2,40.0,0,0,0,1,1,0,0
662,0,0,47.0,0,0,0,1,0,0,1
663,0,2,36.0,0,0,0,1,0,0,1
664,1,2,20.0,1,0,0,1,0,0,1
665,0,1,32.0,2,0,0,1,0,0,1
666,0,1,25.0,0,0,0,1,0,0,1
667,0,2,29.69911764705882,0,0,0,1,0,0,1
668,0,2,43.0,0,0,0,1,0,0,1
669,1,0,29.69911764705882,1,0,1,0,0,0,1
670,1,1,40.0,1,1,1,0,0,0,1
671,0,0,31.0,1,0,0,1,0,0,1
672,0,1,70.0,0,0,0,1,0,0,1
673,1,1,31.0,0,0,0,1,0,0,1
674,0,1,29.69911764705882,0,0,0,1,0,0,1
675,0,2,18.0,0,0,0,1,0,0,1
676,0,2,24.5,0,0,0,1,0,0,1
677,1,2,18.0,0,0,1,0,0,0,1
678,0,2,43.0,1,6,1,0,0,0,1
679,1,0,36.0,0,1,0,1,1,0,0
680,0,2,29.69911764705882,0,0,1,0,0,1,0
681,1,0,27.0,0,0,0,1,1,0,0
682,0,2,20.0,0,0,0,1,0,0,1
683,0,2,14.0,5,2,0,1,0,0,1
684,0,1,60.0,1,1,0,1,0,0,1
685,0,1,25.0,1,2,0,1,1,0,0
686,0,2,14.0,4,1,0,1,0,0,1
687,0,2,19.0,0,0,0,1,0,0,1
688,0,2,18.0,0,0,0,1,0,0,1
689,1,0,15.0,0,1,1,0,0,0,1
690,1,0,31.0,1,0,0,1,0,0,1
691,1,2,4.0,0,1,1,0,1,0,0
692,1,2,29.69911764705882,0,0,0,1,0,0,1
693,0,2,25.0,0,0,0,1,1,0,0
694,0,0,60.0,0,0,0,1,0,0,1
695,0,1,52.0,0,0,0,1,0,0,1
696,0,2,44.0,0,0,0,1,0,0,1
697,1,2,29.69911764705882,0,0,1,0,0,1,0
698,0,0,49.0,1,1,0,1,1,0,0
699,0,2,42.0,0,0,0,1,0,0,1
700,1,0,18.0,1,0,1,0,1,0,0
701,1,0,35.0,0,0,0,1,0,0,1
702,0,2,18.0,0,1,1,0,1,0,0
703,0,2,25.0,0,0,0,1,0,1,0
704,0,2,26.0,1,0,0,1,0,0,1
705,0,1,39.0,0,0,0,1,0,0,1
706,1,1,45.0,0,0,1,0,0,0,1
707,1,0,42.0,0,0,0,1,0,0,1
708,1,0,22.0,0,0,1,0,0,0,1
709,1,2,29.69911764705882,1,1,0,1,1,0,0
710,1,0,24.0,0,0,1,0,1,0,0
711,0,0,29.69911764705882,0,0,0,1,0,0,1
712,1,0,48.0,1,0,0,1,0,0,1
713,0,2,29.0,0,0,0,1,0,0,1
714,0,1,52.0,0,0,0,1,0,0,1
715,0,2,19.0,0,0,0,1,0,0,1
716,1,0,38.0,0,0,1,0,1,0,0
717,1,1,27.0,0,0,1,0,0,0,1
718,0,2,29.69911764705882,0,0,0,1,0,1,0
719,0,2,33.0,0,0,0,1,0,0,1
720,1,1,6.0,0,1,1,0,0,0,1
721,0,2,17.0,1,0,0,1,0,0,1
722,0,1,34.0,0,0,0,1,0,0,1
723,0,1,50.0,0,0,0,1,0,0,1
724,1,0,27.0,1,0,0,1,0,0,1
725,0,2,20.0,0,0,0,1,0,0,1
726,1,1,30.0,3,0,1,0,0,0,1
727,1,2,29.69911764705882,0,0,1,0,0,1,0
728,0,1,25.0,1,0,0,1,0,0,1
729,0,2,25.0,1,0,1,0,0,0,1
730,1,0,29.0,0,0,1,0,0,0,1
731,0,2,11.0,0,0,0,1,1,0,0
732,0,1,29.69911764705882,0,0,0,1,0,0,1
733,0,1,23.0,0,0,0,1,0,0,1
734,0,1,23.0,0,0,0,1,0,0,1
735,0,2,28.5,0,0,0,1,0,0,1
736,0,2,48.0,1,3,1,0,0,0,1
737,1,0,35.0,0,0,0,1,1,0,0
738,0,2,29.69911764705882,0,0,0,1,0,0,1
739,0,2,29.69911764705882,0,0,0,1,0,0,1
740,1,0,29.69911764705882,0,0,0,1,0,0,1
741,0,0,36.0,1,0,0,1,0,0,1
742,1,0,21.0,2,2,1,0,1,0,0
743,0,2,24.0,1,0,0,1,0,0,1
744,1,2,31.0,0,0,0,1,0,0,1
745,0,0,70.0,1,1,0,1,0,0,1
746,0,2,16.0,1,1,0,1,0,0,1
747,1,1,30.0,0,0,1,0,0,0,1
748,0,0,19.0,1,0,0,1,0,0,1
749,0,2,31.0,0,0,0,1,0,1,0
750,1,1,4.0,1,1,1,0,0,0,1
751,1,2,6.0,0,1,0,1,0,0,1
752,0,2,33.0,0,0,0,1,0,0,1
753,0,2,23.0,0,0,0,1,0,0,1
754,1,1,48.0,1,2,1,0,0,0,1
755,1,1,0.67,1,1,0,1,0,0,1
756,0,2,28.0,0,0,0,1,0,0,1
757,0,1,18.0,0,0,0,1,0,0,1
758,0,2,34.0,0,0,0,1,0,0,1
759,1,0,33.0,0,0,1,0,0,0,1
760,0,2,29.69911764705882,0,0,0,1,0,0,1
761,0,2,41.0,0,0,0,1,0,0,1
762,1,2,20.0,0,0,0,1,1,0,0
763,1,0,36.0,1,2,1,0,0,0,1
764,0,2,16.0,0,0,0,1,0,0,1
765,1,0,51.0,1,0,1,0,0,0,1
766,0,0,29.69911764705882,0,0,0,1,1,0,0
767,0,2,30.5,0,0,1,0,0,1,0
768,0,2,29.69911764705882,1,0,0,1,0,1,0
769,0,2,32.0,0,0,0,1,0,0,1
770,0,2,24.0,0,0,0,1,0,0,1
771,0,2,48.0,0,0,0,1,0,0,1
772,0,1,57.0,0,0,1,0,0,0,1
773,0,2,29.69911764705882,0,0,0,1,1,0,0
774,1,1,54.0,1,3,1,0,0,0,1
775,0,2,18.0,0,0,0,1,0,0,1
776,0,2,29.69911764705882,0,0,0,1,0,1,0
777,1,2,5.0,0,0,1,0,0,0,1
778,0,2,29.69911764705882,0,0,0,1,0,1,0
779,1,0,43.0,0,1,1,0,0,0,1
780,1,2,13.0,0,0,1,0,1,0,0
781,1,0,17.0,1,0,1,0,0,0,1
782,0,0,29.0,0,0,0,1,0,0,1
783,0,2,29.69911764705882,1,2,0,1,0,0,1
784,0,2,25.0,0,0,0,1,0,0,1
785,0,2,25.0,0,0,0,1,0,0,1
786,1,2,18.0,0,0,1,0,0,0,1
787,0,2,8.0,4,1,0,1,0,1,0
788,1,2,1.0,1,2,0,1,0,0,1
789,0,0,46.0,0,0,0,1,1,0,0
790,0,2,29.69911764705882,0,0,0,1,0,1,0
791,0,1,16.0,0,0,0,1,0,0,1
792,0,2,29.69911764705882,8,2,1,0,0,0,1
793,0,0,29.69911764705882,0,0,0,1,1,0,0
794,0,2,25.0,0,0,0,1,0,0,1
795,0,1,39.0,0,0,0,1,0,0,1
796,1,0,49.0,0,0,1,0,0,0,1
797,1,2,31.0,0,0,1,0,0,0,1
798,0,2,30.0,0,0,0,1,1,0,0
799,0,2,30.0,1,1,1,0,0,0,1
800,0,1,34.0,0,0,0,1,0,0,1
801,1,1,31.0,1,1,1,0,0,0,1
802,1,0,11.0,1,2,0,1,0,0,1
803,1,2,0.42,0,1,0,1,1,0,0
804,1,2,27.0,0,0,0,1,0,0,1
805,0,2,31.0,0,0,0,1,0,0,1
806,0,0,39.0,0,0,0,1,0,0,1
807,0,2,18.0,0,0,1,0,0,0,1
808,0,1,39.0,0,0,0,1,0,0,1
809,1,0,33.0,1,0,1,0,0,0,1
810,0,2,26.0,0,0,0,1,0,0,1
811,0,2,39.0,0,0,0,1,0,0,1
812,0,1,35.0,0,0,0,1,0,0,1
813,0,2,6.0,4,2,1,0,0,0,1
814,0,2,30.5,0,0,0,1,0,0,1
815,0,0,29.69911764705882,0,0,0,1,0,0,1
816,0,2,23.0,0,0,1,0,0,0,1
817,0,1,31.0,1,1,0,1,1,0,0
818,0,2,43.0,0,0,0,1,0,0,1
819,0,2,10.0,3,2,0,1,0,0,1
820,1,0,52.0,1,1,1,0,0,0,1
821,1,2,27.0,0,0,0,1,0,0,1
822,0,0,38.0,0,0,0,1,0,0,1
823,1,2,27.0,0,1,1,0,0,0,1
824,0,2,2.0,4,1,0,1,0,0,1
825,0,2,29.69911764705882,0,0,0,1,0,1,0
826,0,2,29.69911764705882,0,0,0,1,0,0,1
827,1,1,1.0,0,2,0,1,1,0,0
828,1,2,29.69911764705882,0,0,0,1,0,1,0
829,1,0,62.0,0,0,1,0,0,0,0
830,1,2,15.0,1,0,1,0,1,0,0
831,1,1,0.83,1,1,0,1,0,0,1
832,0,2,29.69911764705882,0,0,0,1,1,0,0
833,0,2,23.0,0,0,0,1,0,0,1
834,0,2,18.0,0,0,0,1,0,0,1
835,1,0,39.0,1,1,1,0,1,0,0
836,0,2,21.0,0,0,0,1,0,0,1
837,0,2,29.69911764705882,0,0,0,1,0,0,1
838,1,2,32.0,0,0,0,1,0,0,1
839,1,0,29.69911764705882,0,0,0,1,1,0,0
840,0,2,20.0,0,0,0,1,0,0,1
841,0,1,16.0,0,0,0,1,0,0,1
842,1,0,30.0,0,0,1,0,1,0,0
843,0,2,34.5,0,0,0,1,1,0,0
844,0,2,17.0,0,0,0,1,0,0,1
845,0,2,42.0,0,0,0,1,0,0,1
846,0,2,29.69911764705882,8,2,0,1,0,0,1
847,0,2,35.0,0,0,0,1,1,0,0
848,0,1,28.0,0,1,0,1,0,0,1
849,1,0,29.69911764705882,1,0,1,0,1,0,0
850,0,2,4.0,4,2,0,1,0,0,1
851,0,2,74.0,0,0,0,1,0,0,1
852,0,2,9.0,1,1,1,0,1,0,0
853,1,0,16.0,0,1,1,0,0,0,1
854,0,1,44.0,1,0,1,0,0,0,1
855,1,2,18.0,0,1,1,0,0,0,1
856,1,0,45.0,1,1,1,0,0,0,1
857,1,0,51.0,0,0,0,1,0,0,1
858,1,2,24.0,0,3,1,0,1,0,0
859,0,2,29.69911764705882,0,0,0,1,1,0,0
860,0,2,41.0,2,0,0,1,0,0,1
861,0,1,21.0,1,0,0,1,0,0,1
862,1,0,48.0,0,0,1,0,0,0,1
863,0,2,29.69911764705882,8,2,1,0,0,0,1
864,0,1,24.0,0,0,0,1,0,0,1
865,1,1,42.0,0,0,1,0,0,0,1
866,1,1,27.0,1,0,1,0,1,0,0
867,0,0,31.0,0,0,0,1,0,0,1
868,0,2,29.69911764705882,0,0,0,1,0,0,1
869,1,2,4.0,1,1,0,1,0,0,1
870,0,2,26.0,0,0,0,1,0,0,1
871,1,0,47.0,1,1,1,0,0,0,1
872,0,0,33.0,0,0,0,1,0,0,1
873,0,2,47.0,0,0,0,1,0,0,1
874,1,1,28.0,1,0,1,0,1,0,0
875,1,2,15.0,0,0,1,0,1,0,0
876,0,2,20.0,0,0,0,1,0,0,1
877,0,2,19.0,0,0,0,1,0,0,1
878,0,2,29.69911764705882,0,0,0,1,0,0,1
879,1,0,56.0,0,1,1,0,1,0,0
880,1,1,25.0,0,1,1,0,0,0,1
881,0,2,33.0,0,0,0,1,0,0,1
882,0,2,22.0,0,0,1,0,0,0,1
883,0,1,28.0,0,0,0,1,0,0,1
884,0,2,25.0,0,0,0,1,0,0,1
885,0,2,39.0,0,5,1,0,0,1,0
886,0,1,27.0,0,0,0,1,0,0,1
887,1,0,19.0,0,0,1,0,0,0,1
888,0,2,29.69911764705882,1,2,1,0,0,0,1
889,1,0,26.0,0,0,0,1,1,0,0
890,0,2,32.0,0,0,0,1,0,1,0
